{"acc_top1": 0.9499154691462384, "acc_top5": 0.9929205409974641}