{"acc_top1": 0.9020315533980583, "acc_top5": 0.9835558252427185}